{"\ufeff": 1.4200712875786365e-06, "T": 0.0012454025192064641, "h": 0.048116275437026935, "e": 0.0998934946534316, " ": 0.16180434257799742, "P": 0.000421761172410855, "r": 0.047278433377355544, "o": 0.05841889262840995, "j": 0.00090600548147517, "c": 0.01902469503969099, "t": 0.06714523069058066, "G": 0.0004018801743847541, "u": 0.02192448060892657, "n": 0.054573339581647, "b": 0.011712747979948594, "g": 0.014429344353086525, "E": 0.0012155810221673128, "B": 0.001581959414362601, "k": 0.004602451043042361, "f": 0.017292208068845055, "i": 0.051510245814339876, "d": 0.031592325934761925, "a": 0.059864525199165, ",": 0.013178261548729746, "y": 0.01796816200173249, "J": 0.0004714636674761073, "A": 0.000765418424004885, "s": 0.04727701330606796, "\n": 0.01906729717831835, "w": 0.016930089890512503, "l": 0.03022195714224854, "m": 0.019030375324841305, "v": 0.008252034252119456, ".": 0.00908277595535296, "Y": 0.0005382070179923033, "p": 0.011908717817634445, "-": 0.0016984052599440492, "L": 0.0011190161746119655, ":": 0.00022011104957468864, "D": 0.000847782558684446, "2": 4.6862352490095e-05, "6": 2.5561283176415457e-05, "0": 4.118206733978046e-05, "8": 2.8401425751572728e-05, "[": 1.4200712875786365e-06, "#": 1.4200712875786365e-06, "1": 0.00011786591686902682, "3": 4.6862352490095e-05, "4": 4.260213862735909e-05, "]": 1.4200712875786365e-06, "R": 0.00025135261790141866, "9": 2.414121188883682e-05, "U": 9.940499013050455e-05, "M": 0.0024482028997855694, "C": 0.0009471875488149505, "F": 0.00029395475652877775, "*": 8.236413467956092e-05, "S": 0.0008208012042204519, "O": 0.00034081710901887275, "H": 0.0009954699725926242, "I": 0.0037972706229852738, "N": 0.0004175009585481191, "K": 0.00014342720004544227, "V": 4.118206733978046e-05, "x": 0.0012283616637555205, "\"": 0.0050455132847668956, "?": 0.00065607293486133, ";": 0.002184069640295943, "_": 0.0011474176003635381, "W": 0.0009244664082136923, "!": 0.0007100356437893182, "z": 0.0013249265113108677, "q": 0.0009045854101875914, "'": 0.00106221332310882, "5": 4.118206733978046e-05, "7": 1.7040855450943636e-05, "Z": 7.100356437893182e-06, "(": 5.396270892798819e-05, ")": 5.396270892798819e-05, "/": 3.6921853477044546e-05, "%": 1.4200712875786365e-06, "X": 2.840142575157273e-06, "Q": 1.4200712875786365e-06, "@": 2.840142575157273e-06, "$": 2.840142575157273e-06}